name,time,value
machine1,12.64,24.0
machine2,12.645,0.0
machine3,12.65002,1.0
machine4,12.66505,1.345
machine5,12.67007,5.068
machine4,12.67508,1.075
machine5,12.6801,2.0868
machine4,12.6851,0.0
machine5,12.6901,12.633
machine5,12.69512,13.13
machine3,12.70013,0.0
machine3,12.70515,0.0
machine3,12.71016,0.0
machine5,12.71517,131.633
